code_ech,station,method
RMQS_2024_ARLES_2076_hand-sorting_2,2076,hand-sorting
RMQS_2024_ARLES_2076_hand-sorting_4,2076,hand-sorting
RMQS_2024_ARLES_2076_hand-sorting_5,2076,hand-sorting
RMQS_2024_AUCELON_1768_hand-sorting_1,1768,hand-sorting
RMQS_2024_AUCELON_1768_hand-sorting_2,1768,hand-sorting
RMQS_2024_AUCELON_1768_hand-sorting_3,1768,hand-sorting
RMQS_2024_AUCELON_1768_hand-sorting_4,1768,hand-sorting
RMQS_2024_AUCELON_1768_hand-sorting_5,1768,hand-sorting
RMQS_2024_AUCELON_1768_hand-sorting_6,1768,hand-sorting
RMQS_2024_AULUS-LES-BAINS_2276_hand-sorting_1,2276,hand-sorting
RMQS_2024_AULUS-LES-BAINS_2276_hand-sorting_2,2276,hand-sorting
RMQS_2024_AULUS-LES-BAINS_2276_hand-sorting_3,2276,hand-sorting
RMQS_2024_AULUS-LES-BAINS_2276_hand-sorting_4,2276,hand-sorting
RMQS_2024_AULUS-LES-BAINS_2276_hand-sorting_5,2276,hand-sorting
RMQS_2024_AULUS-LES-BAINS_2276_hand-sorting_6,2276,hand-sorting
RMQS_2024_AURIERES_1464_hand-sorting_1,1464,hand-sorting
RMQS_2024_AURIERES_1464_hand-sorting_2,1464,hand-sorting
RMQS_2024_AURIERES_1464_hand-sorting_3,1464,hand-sorting
RMQS_2024_AURIERES_1464_hand-sorting_4,1464,hand-sorting
RMQS_2024_AURIERES_1464_hand-sorting_5,1464,hand-sorting
RMQS_2024_AURIERES_1464_hand-sorting_6,1464,hand-sorting
RMQS_2024_AUXERRE_805_hand-sorting_1,805,hand-sorting
RMQS_2024_AUXERRE_805_hand-sorting_2,805,hand-sorting
RMQS_2024_AUXERRE_805_hand-sorting_3,805,hand-sorting
RMQS_2024_AUXERRE_805_hand-sorting_4,805,hand-sorting
RMQS_2024_AUXERRE_805_hand-sorting_5,805,hand-sorting
RMQS_2024_AUXERRE_805_hand-sorting_6,805,hand-sorting
RMQS_2024_AUZON_1549_hand-sorting_1,1549,hand-sorting
RMQS_2024_AUZON_1549_hand-sorting_2,1549,hand-sorting
RMQS_2024_AUZON_1549_hand-sorting_3,1549,hand-sorting
RMQS_2024_AUZON_1549_hand-sorting_4,1549,hand-sorting
RMQS_2024_AUZON_1549_hand-sorting_5,1549,hand-sorting
RMQS_2024_AUZON_1549_hand-sorting_6,1549,hand-sorting
RMQS_2024_AVESNES-EN-SAOSNOIS_620_hand-sorting_1,620,hand-sorting
RMQS_2024_AVESNES-EN-SAOSNOIS_620_hand-sorting_2,620,hand-sorting
RMQS_2024_AVESNES-EN-SAOSNOIS_620_hand-sorting_3,620,hand-sorting
RMQS_2024_AVESNES-EN-SAOSNOIS_620_hand-sorting_4,620,hand-sorting
RMQS_2024_AVESNES-EN-SAOSNOIS_620_hand-sorting_5,620,hand-sorting
RMQS_2024_AVESNES-EN-SAOSNOIS_620_hand-sorting_6,620,hand-sorting
RMQS_2024_BEDEE_609_hand-sorting_1,609,hand-sorting
RMQS_2024_BEDEE_609_hand-sorting_2,609,hand-sorting
RMQS_2024_BEDEE_609_hand-sorting_3,609,hand-sorting
RMQS_2024_BEDEE_609_hand-sorting_4,609,hand-sorting
RMQS_2024_BEDEE_609_hand-sorting_5,609,hand-sorting
RMQS_2024_BEDEE_609_hand-sorting_6,609,hand-sorting
RMQS_2024_BELCASTEL_1837_hand-sorting_1,1837,hand-sorting
RMQS_2024_BELCASTEL_1837_hand-sorting_2,1837,hand-sorting
RMQS_2024_BELCASTEL_1837_hand-sorting_3,1837,hand-sorting
RMQS_2024_BELCASTEL_1837_hand-sorting_4,1837,hand-sorting
RMQS_2024_BELCASTEL_1837_hand-sorting_5,1837,hand-sorting
RMQS_2024_BELCASTEL_1837_hand-sorting_6,1837,hand-sorting
RMQS_2024_BELMONT-SUR-RANCE_2021_hand-sorting_1,2021,hand-sorting
RMQS_2024_BELMONT-SUR-RANCE_2021_hand-sorting_2,2021,hand-sorting
RMQS_2024_BELMONT-SUR-RANCE_2021_hand-sorting_3,2021,hand-sorting
RMQS_2024_BELMONT-SUR-RANCE_2021_hand-sorting_4,2021,hand-sorting
RMQS_2024_BELMONT-SUR-RANCE_2021_hand-sorting_5,2021,hand-sorting
RMQS_2024_BELMONT-SUR-RANCE_2021_hand-sorting_6,2021,hand-sorting
RMQS_2024_BELVAL-SOUS-CHATILLON_288_hand-sorting_1,288,hand-sorting
RMQS_2024_BELVAL-SOUS-CHATILLON_288_hand-sorting_2,288,hand-sorting
RMQS_2024_BELVAL-SOUS-CHATILLON_288_hand-sorting_3,288,hand-sorting
RMQS_2024_BELVAL-SOUS-CHATILLON_288_hand-sorting_4,288,hand-sorting
RMQS_2024_BELVAL-SOUS-CHATILLON_288_hand-sorting_5,288,hand-sorting
RMQS_2024_BELVAL-SOUS-CHATILLON_288_hand-sorting_6,288,hand-sorting
RMQS_2024_BENGY-SUR-CRAON_1090_hand-sorting_1,1090,hand-sorting
RMQS_2024_BENGY-SUR-CRAON_1090_hand-sorting_2,1090,hand-sorting
RMQS_2024_BENGY-SUR-CRAON_1090_hand-sorting_3,1090,hand-sorting
RMQS_2024_BENGY-SUR-CRAON_1090_hand-sorting_4,1090,hand-sorting
RMQS_2024_BENGY-SUR-CRAON_1090_hand-sorting_5,1090,hand-sorting
RMQS_2024_BENGY-SUR-CRAON_1090_hand-sorting_6,1090,hand-sorting
RMQS_2024_BREGNIER-CORDON_1477_hand-sorting_1,1477,hand-sorting
RMQS_2024_BREGNIER-CORDON_1477_hand-sorting_2,1477,hand-sorting
RMQS_2024_BREGNIER-CORDON_1477_hand-sorting_3,1477,hand-sorting
RMQS_2024_BREGNIER-CORDON_1477_hand-sorting_4,1477,hand-sorting
RMQS_2024_BREGNIER-CORDON_1477_hand-sorting_5,1477,hand-sorting
RMQS_2024_BREGNIER-CORDON_1477_hand-sorting_6,1477,hand-sorting
RMQS_2024_BUSSY-LETTREE_400_hand-sorting_1,400,hand-sorting
RMQS_2024_BUSSY-LETTREE_400_hand-sorting_2,400,hand-sorting
RMQS_2024_BUSSY-LETTREE_400_hand-sorting_3,400,hand-sorting
RMQS_2024_BUSSY-LETTREE_400_hand-sorting_4,400,hand-sorting
RMQS_2024_BUSSY-LETTREE_400_hand-sorting_5,400,hand-sorting
RMQS_2024_BUSSY-LETTREE_400_hand-sorting_6,400,hand-sorting
RMQS_2024_CAIRANNE_1893_hand-sorting_1,1893,hand-sorting
RMQS_2024_CAIRANNE_1893_hand-sorting_2,1893,hand-sorting
RMQS_2024_CAIRANNE_1893_hand-sorting_3,1893,hand-sorting
RMQS_2024_CAIRANNE_1893_hand-sorting_4,1893,hand-sorting
RMQS_2024_CAIRANNE_1893_hand-sorting_5,1893,hand-sorting
RMQS_2024_CAIRANNE_1893_hand-sorting_6,1893,hand-sorting
RMQS_2024_CALES_1706_hand-sorting_1,1706,hand-sorting
RMQS_2024_CALES_1706_hand-sorting_2,1706,hand-sorting
RMQS_2024_CALES_1706_hand-sorting_3,1706,hand-sorting
RMQS_2024_CALES_1706_hand-sorting_4,1706,hand-sorting
RMQS_2024_CALES_1706_hand-sorting_5,1706,hand-sorting
RMQS_2024_CALES_1706_hand-sorting_6,1706,hand-sorting
RMQS_2024_CASTELNAU-MONTRATIER_1875_hand-sorting_1,1875,hand-sorting
RMQS_2024_CASTELNAU-MONTRATIER_1875_hand-sorting_2,1875,hand-sorting
RMQS_2024_CASTELNAU-MONTRATIER_1875_hand-sorting_3,1875,hand-sorting
RMQS_2024_CASTELNAU-MONTRATIER_1875_hand-sorting_4,1875,hand-sorting
RMQS_2024_CASTELNAU-MONTRATIER_1875_hand-sorting_5,1875,hand-sorting
RMQS_2024_CASTELNAU-MONTRATIER_1875_hand-sorting_6,1875,hand-sorting
RMQS_2024_CHENS-SUR-LEMAN_1274_hand-sorting_1,1274,hand-sorting
RMQS_2024_CHENS-SUR-LEMAN_1274_hand-sorting_2,1274,hand-sorting
RMQS_2024_CHENS-SUR-LEMAN_1274_hand-sorting_3,1274,hand-sorting
RMQS_2024_CHENS-SUR-LEMAN_1274_hand-sorting_4,1274,hand-sorting
RMQS_2024_CHENS-SUR-LEMAN_1274_hand-sorting_5,1274,hand-sorting
RMQS_2024_CHENS-SUR-LEMAN_1274_hand-sorting_6,1274,hand-sorting
RMQS_2024_CRECY-SUR-SERRE_137_hand-sorting_1,137,hand-sorting
RMQS_2024_CRECY-SUR-SERRE_137_hand-sorting_2,137,hand-sorting
RMQS_2024_CRECY-SUR-SERRE_137_hand-sorting_3,137,hand-sorting
RMQS_2024_CRECY-SUR-SERRE_137_hand-sorting_4,137,hand-sorting
RMQS_2024_CRECY-SUR-SERRE_137_hand-sorting_6,137,hand-sorting
RMQS_2024_DAHLENHEIM_476_hand-sorting_1,476,hand-sorting
RMQS_2024_DAHLENHEIM_476_hand-sorting_2,476,hand-sorting
RMQS_2024_DAHLENHEIM_476_hand-sorting_3,476,hand-sorting
RMQS_2024_DAHLENHEIM_476_hand-sorting_4,476,hand-sorting
RMQS_2024_DAHLENHEIM_476_hand-sorting_5,476,hand-sorting
RMQS_2024_DAHLENHEIM_476_hand-sorting_6,476,hand-sorting
RMQS_2024_DREVANT_1174_hand-sorting_1,1174,hand-sorting
RMQS_2024_DREVANT_1174_hand-sorting_2,1174,hand-sorting
RMQS_2024_DREVANT_1174_hand-sorting_3,1174,hand-sorting
RMQS_2024_DREVANT_1174_hand-sorting_4,1174,hand-sorting
RMQS_2024_DREVANT_1174_hand-sorting_5,1174,hand-sorting
RMQS_2024_DREVANT_1174_hand-sorting_6,1174,hand-sorting
RMQS_2024_EVENOS_2205_hand-sorting_1,2205,hand-sorting
RMQS_2024_EVENOS_2205_hand-sorting_2,2205,hand-sorting
RMQS_2024_EVENOS_2205_hand-sorting_3,2205,hand-sorting
RMQS_2024_EVENOS_2205_hand-sorting_4,2205,hand-sorting
RMQS_2024_EVENOS_2205_hand-sorting_5,2205,hand-sorting
RMQS_2024_EVENOS_2205_hand-sorting_6,2205,hand-sorting
RMQS_2024_EYZERAC_1537_hand-sorting_1,1537,hand-sorting
RMQS_2024_EYZERAC_1537_hand-sorting_2,1537,hand-sorting
RMQS_2024_EYZERAC_1537_hand-sorting_3,1537,hand-sorting
RMQS_2024_EYZERAC_1537_hand-sorting_4,1537,hand-sorting
RMQS_2024_EYZERAC_1537_hand-sorting_5,1537,hand-sorting
RMQS_2024_EYZERAC_1537_hand-sorting_6,1537,hand-sorting
RMQS_2024_FESTES-ET-SAINT-ANDRE_2257_hand-sorting_1,2257,hand-sorting
RMQS_2024_FESTES-ET-SAINT-ANDRE_2257_hand-sorting_2,2257,hand-sorting
RMQS_2024_FESTES-ET-SAINT-ANDRE_2257_hand-sorting_3,2257,hand-sorting
RMQS_2024_FESTES-ET-SAINT-ANDRE_2257_hand-sorting_4,2257,hand-sorting
RMQS_2024_FESTES-ET-SAINT-ANDRE_2257_hand-sorting_5,2257,hand-sorting
RMQS_2024_FESTES-ET-SAINT-ANDRE_2257_hand-sorting_6,2257,hand-sorting
RMQS_2024_GOUTZ_2011_hand-sorting_1,2011,hand-sorting
RMQS_2024_GOUTZ_2011_hand-sorting_2,2011,hand-sorting
RMQS_2024_GOUTZ_2011_hand-sorting_3,2011,hand-sorting
RMQS_2024_GOUTZ_2011_hand-sorting_4,2011,hand-sorting
RMQS_2024_GOUTZ_2011_hand-sorting_5,2011,hand-sorting
RMQS_2024_GOUTZ_2011_hand-sorting_6,2011,hand-sorting
RMQS_2024_GREZET-CAVAGNAN_1826_hand-sorting_1,1826,hand-sorting
RMQS_2024_GREZET-CAVAGNAN_1826_hand-sorting_2,1826,hand-sorting
RMQS_2024_GREZET-CAVAGNAN_1826_hand-sorting_3,1826,hand-sorting
RMQS_2024_GREZET-CAVAGNAN_1826_hand-sorting_4,1826,hand-sorting
RMQS_2024_GREZET-CAVAGNAN_1826_hand-sorting_5,1826,hand-sorting
RMQS_2024_GREZET-CAVAGNAN_1826_hand-sorting_6,1826,hand-sorting
RMQS_2024_GUICLAN_423_hand-sorting_1,423,hand-sorting
RMQS_2024_GUICLAN_423_hand-sorting_2,423,hand-sorting
RMQS_2024_GUICLAN_423_hand-sorting_3,423,hand-sorting
RMQS_2024_GUICLAN_423_hand-sorting_4,423,hand-sorting
RMQS_2024_GUICLAN_423_hand-sorting_5,423,hand-sorting
RMQS_2024_GUICLAN_423_hand-sorting_6,423,hand-sorting
RMQS_2024_ILE-D'ARZ_827_hand-sorting_1,827,hand-sorting
RMQS_2024_ILE-D'ARZ_827_hand-sorting_2,827,hand-sorting
RMQS_2024_ILE-D'ARZ_827_hand-sorting_3,827,hand-sorting
RMQS_2024_ILE-D'ARZ_827_hand-sorting_4,827,hand-sorting
RMQS_2024_ILE-D'ARZ_827_hand-sorting_5,827,hand-sorting
RMQS_2024_ILE-D'ARZ_827_hand-sorting_6,827,hand-sorting
RMQS_2024_ILLOUD_644_hand-sorting_1,644,hand-sorting
RMQS_2024_ILLOUD_644_hand-sorting_2,644,hand-sorting
RMQS_2024_ILLOUD_644_hand-sorting_3,644,hand-sorting
RMQS_2024_ILLOUD_644_hand-sorting_4,644,hand-sorting
RMQS_2024_ILLOUD_644_hand-sorting_5,644,hand-sorting
RMQS_2024_ILLOUD_644_hand-sorting_6,644,hand-sorting
RMQS_2024_LA PLAINE_1030_hand-sorting_3,1030,hand-sorting
RMQS_2024_LA TAGNIERE_1141_hand-sorting_1,1141,hand-sorting
RMQS_2024_LA TAGNIERE_1141_hand-sorting_2,1141,hand-sorting
RMQS_2024_LA TRANCHE-SUR-MER_1237_hand-sorting_1,1237,hand-sorting
RMQS_2024_LA TRANCHE-SUR-MER_1237_hand-sorting_2,1237,hand-sorting
RMQS_2024_LA TRANCHE-SUR-MER_1237_hand-sorting_3,1237,hand-sorting
RMQS_2024_LA TRANCHE-SUR-MER_1237_hand-sorting_4,1237,hand-sorting
RMQS_2024_LA TRANCHE-SUR-MER_1237_hand-sorting_5,1237,hand-sorting
RMQS_2024_LA TRANCHE-SUR-MER_1237_hand-sorting_6,1237,hand-sorting
RMQS_2024_LAGOS_2182_hand-sorting_1,2182,hand-sorting
RMQS_2024_LAGOS_2182_hand-sorting_2,2182,hand-sorting
RMQS_2024_LAGOS_2182_hand-sorting_3,2182,hand-sorting
RMQS_2024_LAGOS_2182_hand-sorting_4,2182,hand-sorting
RMQS_2024_LAGOS_2182_hand-sorting_5,2182,hand-sorting
RMQS_2024_LAGOS_2182_hand-sorting_6,2182,hand-sorting
RMQS_2024_LANTON_1694_hand-sorting_2,1694,hand-sorting
RMQS_2024_LANTON_1694_hand-sorting_3,1694,hand-sorting
RMQS_2024_LANTON_1694_hand-sorting_4,1694,hand-sorting
RMQS_2024_LANTON_1694_hand-sorting_5,1694,hand-sorting
RMQS_2024_LANTON_1694_hand-sorting_6,1694,hand-sorting
RMQS_2024_LA-PLAINE_1030_hand-sorting_1,1030,hand-sorting
RMQS_2024_LA-PLAINE_1030_hand-sorting_3,1030,hand-sorting
RMQS_2024_LA-PLAINE_1030_hand-sorting_4,1030,hand-sorting
RMQS_2024_LA-PLAINE_1030_hand-sorting_5,1030,hand-sorting
RMQS_2024_LA-PLAINE_1030_hand-sorting_6,1030,hand-sorting
RMQS_2024_LA-TAGNIERE_1141_hand-sorting_1,1141,hand-sorting
RMQS_2024_LA-TAGNIERE_1141_hand-sorting_2,1141,hand-sorting
RMQS_2024_LA-TAGNIERE_1141_hand-sorting_3,1141,hand-sorting
RMQS_2024_LA-TAGNIERE_1141_hand-sorting_6,1141,hand-sorting
RMQS_2024_LA-TRANCHE-SUR-MER_1237_hand-sorting_1,1237,hand-sorting
RMQS_2024_LA-TRANCHE-SUR-MER_1237_hand-sorting_2,1237,hand-sorting
RMQS_2024_LA-TRANCHE-SUR-MER_1237_hand-sorting_3,1237,hand-sorting
RMQS_2024_LA-TRANCHE-SUR-MER_1237_hand-sorting_4,1237,hand-sorting
RMQS_2024_LA-TRANCHE-SUR-MER_1237_hand-sorting_5,1237,hand-sorting
RMQS_2024_LA-TRANCHE-SUR-MER_1237_hand-sorting_6,1237,hand-sorting
RMQS_2024_LAURIS_2034_hand-sorting_1,2034,hand-sorting
RMQS_2024_LAURIS_2034_hand-sorting_2,2034,hand-sorting
RMQS_2024_LAURIS_2034_hand-sorting_3,2034,hand-sorting
RMQS_2024_LAURIS_2034_hand-sorting_4,2034,hand-sorting
RMQS_2024_LAURIS_2034_hand-sorting_5,2034,hand-sorting
RMQS_2024_LAURIS_2034_hand-sorting_6,2034,hand-sorting
RMQS_2024_LE MAS_1996_hand-sorting_2,1996,hand-sorting
RMQS_2024_LE MAS_1996_hand-sorting_3,1996,hand-sorting
RMQS_2024_LE MAS_1996_hand-sorting_4,1996,hand-sorting
RMQS_2024_LE MAS_1996_hand-sorting_6,1996,hand-sorting
RMQS_2024_LE PEAGE-DE-ROUSILLON_1556_hand-sorting_2,1556,hand-sorting
RMQS_2024_LE PEAGE-DE-ROUSILLON_1556_hand-sorting_3,1556,hand-sorting
RMQS_2024_LE PEAGE-DE-ROUSILLON_1556_hand-sorting_4,1556,hand-sorting
RMQS_2024_LE PEAGE-DE-ROUSILLON_1556_hand-sorting_5,1556,hand-sorting
RMQS_2024_LE PEAGE-DE-ROUSILLON_1556_hand-sorting_6,1556,hand-sorting
RMQS_2024_LE PERIER_1686_hand-sorting_1,1686,hand-sorting
RMQS_2024_LE PERIER_1686_hand-sorting_5,1686,hand-sorting
RMQS_2024_LE-MAS_1996_hand-sorting_1,1996,hand-sorting
RMQS_2024_LE-MAS_1996_hand-sorting_2,1996,hand-sorting
RMQS_2024_LE-MAS_1996_hand-sorting_3,1996,hand-sorting
RMQS_2024_LE-MAS_1996_hand-sorting_4,1996,hand-sorting
RMQS_2024_LE-MAS_1996_hand-sorting_5,1996,hand-sorting
RMQS_2024_LE-MAS_1996_hand-sorting_6,1996,hand-sorting
RMQS_2024_LE-PEAGE-DE-ROUSILLON_1556_hand-sorting_3,1556,hand-sorting
RMQS_2024_LE-PEAGE-DE-ROUSILLON_1556_hand-sorting_4,1556,hand-sorting
RMQS_2024_LE-PEAGE-DE-ROUSSILLON_1556_hand-sorting_1,1556,hand-sorting
RMQS_2024_LE-PEAGE-DE-ROUSSILLON_1556_hand-sorting_2,1556,hand-sorting
RMQS_2024_LE-PEAGE-DE-ROUSSILLON_1556_hand-sorting_3,1556,hand-sorting
RMQS_2024_LE-PEAGE-DE-ROUSSILLON_1556_hand-sorting_4,1556,hand-sorting
RMQS_2024_LE-PEAGE-DE-ROUSSILLON_1556_hand-sorting_5,1556,hand-sorting
RMQS_2024_LE-PEAGE-DE-ROUSSILLON_1556_hand-sorting_6,1556,hand-sorting
RMQS_2024_LE-PERIER_1686_hand-sorting_2,1686,hand-sorting
RMQS_2024_LE-PERIER_1686_hand-sorting_3,1686,hand-sorting
RMQS_2024_LE-PERIER_1686_hand-sorting_6,1686,hand-sorting
RMQS_2024_LES COMBES_1064_hand-sorting_1,1064,hand-sorting
RMQS_2024_LES COMBES_1064_hand-sorting_2,1064,hand-sorting
RMQS_2024_LES COMBES_1064_hand-sorting_4,1064,hand-sorting
RMQS_2024_LESCAR_2142_hand-sorting_1,2142,hand-sorting
RMQS_2024_LESCAR_2142_hand-sorting_2,2142,hand-sorting
RMQS_2024_LESCAR_2142_hand-sorting_3,2142,hand-sorting
RMQS_2024_LESCAR_2142_hand-sorting_4,2142,hand-sorting
RMQS_2024_LESCAR_2142_hand-sorting_5,2142,hand-sorting
RMQS_2024_LESCAR_2142_hand-sorting_6,2142,hand-sorting
RMQS_2024_LES-COMBES_1064_hand-sorting_1,1064,hand-sorting
RMQS_2024_LES-COMBES_1064_hand-sorting_2,1064,hand-sorting
RMQS_2024_LES-COMBES_1064_hand-sorting_3,1064,hand-sorting
RMQS_2024_LES-COMBES_1064_hand-sorting_4,1064,hand-sorting
RMQS_2024_LES-COMBES_1064_hand-sorting_5,1064,hand-sorting
RMQS_2024_LES-COMBES_1064_hand-sorting_6,1064,hand-sorting
RMQS_2024_LEVONCOURT_926_hand-sorting_1,926,hand-sorting
RMQS_2024_LEVONCOURT_926_hand-sorting_4,926,hand-sorting
RMQS_2024_LEVONCOURT_926_hand-sorting_6,926,hand-sorting
RMQS_2024_LINTOT_152_hand-sorting_1,152,hand-sorting
RMQS_2024_LINTOT_152_hand-sorting_2,152,hand-sorting
RMQS_2024_LINTOT_152_hand-sorting_3,152,hand-sorting
RMQS_2024_LINTOT_152_hand-sorting_4,152,hand-sorting
RMQS_2024_LINTOT_152_hand-sorting_5,152,hand-sorting
RMQS_2024_LINTOT_152_hand-sorting_6,152,hand-sorting
RMQS_2024_LOSNE_1058_hand-sorting_1,1058,hand-sorting
RMQS_2024_LOSNE_1058_hand-sorting_2,1058,hand-sorting
RMQS_2024_LOSNE_1058_hand-sorting_3,1058,hand-sorting
RMQS_2024_LOSNE_1058_hand-sorting_4,1058,hand-sorting
RMQS_2024_LOSNE_1058_hand-sorting_5,1058,hand-sorting
RMQS_2024_LOSNE_1058_hand-sorting_6,1058,hand-sorting
RMQS_2024_LOSNE_1066_hand-sorting_1,1066,hand-sorting
RMQS_2024_LOSNE_1066_hand-sorting_2,1066,hand-sorting
RMQS_2024_LOSNE_1066_hand-sorting_3,1066,hand-sorting
RMQS_2024_LOSNE_1066_hand-sorting_5,1066,hand-sorting
RMQS_2024_LOSNE_1066_hand-sorting_6,1066,hand-sorting
RMQS_2024_MAISONCELLES-DU-MAINE_730_ hand-sorting_5,730,hand-sorting
RMQS_2024_MAISONCELLES-DU-MAINE_730_ hand-sorting_6,730,hand-sorting
RMQS_2024_MAISONCELLES-DU-MAINE_730_hand-sorting_1,730,hand-sorting
RMQS_2024_MAISONCELLES-DU-MAINE_730_hand-sorting_2,730,hand-sorting
RMQS_2024_MAISONCELLES-DU-MAINE_730_hand-sorting_3,730,hand-sorting
RMQS_2024_MAISONCELLES-DU-MAINE_730_hand-sorting_4,730,hand-sorting
RMQS_2024_MAISONCELLES-DU-MAINE_730_hand-sorting_5,730,hand-sorting
RMQS_2024_MAISONCELLES-DU-MAINE_730_hand-sorting_6,730,hand-sorting
RMQS_2024_MALTAT_1180_hand-sorting_1,1180,hand-sorting
RMQS_2024_MALTAT_1180_hand-sorting_2,1180,hand-sorting
RMQS_2024_MALTAT_1180_hand-sorting_3,1180,hand-sorting
RMQS_2024_MALTAT_1180_hand-sorting_4,1180,hand-sorting
RMQS_2024_MALTAT_1180_hand-sorting_5,1180,hand-sorting
RMQS_2024_MALTAT_1180_hand-sorting_6,1180,hand-sorting
RMQS_2024_MAZERAY_1366_hand-sorting_1,1366,hand-sorting
RMQS_2024_MAZERAY_1366_hand-sorting_2,1366,hand-sorting
RMQS_2024_MAZERAY_1366_hand-sorting_3,1366,hand-sorting
RMQS_2024_MAZERAY_1366_hand-sorting_4,1366,hand-sorting
RMQS_2024_MAZERAY_1366_hand-sorting_5,1366,hand-sorting
RMQS_2024_MAZERAY_1366_hand-sorting_6,1366,hand-sorting
RMQS_2024_MENERVAL_157_hand-sorting_1,157,hand-sorting
RMQS_2024_MENERVAL_157_hand-sorting_2,157,hand-sorting
RMQS_2024_MENERVAL_157_hand-sorting_3,157,hand-sorting
RMQS_2024_MENERVAL_157_hand-sorting_4,157,hand-sorting
RMQS_2024_MENERVAL_157_hand-sorting_5,157,hand-sorting
RMQS_2024_MENERVAL_157_hand-sorting_6,157,hand-sorting
RMQS_2024_MERCY-LE-HAUT_215_hand-sorting_1,215,hand-sorting
RMQS_2024_MERCY-LE-HAUT_215_hand-sorting_2,215,hand-sorting
RMQS_2024_MERCY-LE-HAUT_215_hand-sorting_3,215,hand-sorting
RMQS_2024_MERCY-LE-HAUT_215_hand-sorting_4,215,hand-sorting
RMQS_2024_MERCY-LE-HAUT_215_hand-sorting_5,215,hand-sorting
RMQS_2024_MERCY-LE-HAUT_215_hand-sorting_6,215,hand-sorting
RMQS_2024_MEZERAY_788_hand-sorting_1,788,hand-sorting
RMQS_2024_MEZERAY_788_hand-sorting_2,788,hand-sorting
RMQS_2024_MEZERAY_788_hand-sorting_3,788,hand-sorting
RMQS_2024_MEZERAY_788_hand-sorting_4,788,hand-sorting
RMQS_2024_MEZERAY_788_hand-sorting_5,788,hand-sorting
RMQS_2024_MEZERAY_788_hand-sorting_6,788,hand-sorting
RMQS_2024_MONTJUSTIN-ET-VELOTTE_870_hand-sorting_1,870,hand-sorting
RMQS_2024_MONTJUSTIN-ET-VELOTTE_870_hand-sorting_2,870,hand-sorting
RMQS_2024_MONTJUSTIN-ET-VELOTTE_870_hand-sorting_3,870,hand-sorting
RMQS_2024_MONTJUSTIN-ET-VELOTTE_870_hand-sorting_4,870,hand-sorting
RMQS_2024_MONTJUSTIN-ET-VELOTTE_870_hand-sorting_5,870,hand-sorting
RMQS_2024_MONTJUSTIN-ET-VELOTTE_870_hand-sorting_6,870,hand-sorting
RMQS_2024_PARIS_391_hand-sorting_1,391,hand-sorting
RMQS_2024_PARIS_391_hand-sorting_2,391,hand-sorting
RMQS_2024_PARIS_391_hand-sorting_3,391,hand-sorting
RMQS_2024_PARIS_391_hand-sorting_4,391,hand-sorting
RMQS_2024_PARIS_391_hand-sorting_5,391,hand-sorting
RMQS_2024_PARIS_391_hand-sorting_6,391,hand-sorting
RMQS_2024_PLASSAC-ROUFFIAC_1491_hand-sorting_1,1491,hand-sorting
RMQS_2024_PLASSAC-ROUFFIAC_1491_hand-sorting_2,1491,hand-sorting
RMQS_2024_PLASSAC-ROUFFIAC_1491_hand-sorting_3,1491,hand-sorting
RMQS_2024_PLASSAC-ROUFFIAC_1491_hand-sorting_4,1491,hand-sorting
RMQS_2024_PLASSAC-ROUFFIAC_1491_hand-sorting_5,1491,hand-sorting
RMQS_2024_PLASSAC-ROUFFIAC_1491_hand-sorting_6,1491,hand-sorting
RMQS_2024_PONT-SUR-YONNE_633_hand-sorting_1,633,hand-sorting
RMQS_2024_PONT-SUR-YONNE_633_hand-sorting_2,633,hand-sorting
RMQS_2024_PONT-SUR-YONNE_633_hand-sorting_3,633,hand-sorting
RMQS_2024_PONT-SUR-YONNE_633_hand-sorting_4,633,hand-sorting
RMQS_2024_PONT-SUR-YONNE_633_hand-sorting_5,633,hand-sorting
RMQS_2024_PONT-SUR-YONNE_633_hand-sorting_6,633,hand-sorting
RMQS_2024_PORTA_2312_hand-sorting_1,2312,hand-sorting
RMQS_2024_PORTA_2312_hand-sorting_2,2312,hand-sorting
RMQS_2024_PORTA_2312_hand-sorting_3,2312,hand-sorting
RMQS_2024_PORTA_2312_hand-sorting_4,2312,hand-sorting
RMQS_2024_PORTA_2312_hand-sorting_5,2312,hand-sorting
RMQS_2024_PORTA_2312_hand-sorting_6,2312,hand-sorting
RMQS_2024_PUIMOISSON_1992_hand-sorting_1,1992,hand-sorting
RMQS_2024_PUIMOISSON_1992_hand-sorting_2,1992,hand-sorting
RMQS_2024_PUIMOISSON_1992_hand-sorting_3,1992,hand-sorting
RMQS_2024_PUIMOISSON_1992_hand-sorting_4,1992,hand-sorting
RMQS_2024_SAINTE-MARGUERITE-D'ELLE_223_hand-sorting_1,223,hand-sorting
RMQS_2024_SAINTE-MARGUERITE-D'ELLE_223_hand-sorting_2,223,hand-sorting
RMQS_2024_SAINTE-MARGUERITE-D'ELLE_223_hand-sorting_3,223,hand-sorting
RMQS_2024_SAINTE-MARGUERITE-D'ELLE_223_hand-sorting_4,223,hand-sorting
RMQS_2024_SAINTE-MARGUERITE-D'ELLE_223_hand-sorting_5,223,hand-sorting
RMQS_2024_SAINTE-MARGUERITE-D'ELLE_223_hand-sorting_6,223,hand-sorting
RMQS_2024_SAINT-FRONT_1677_hand-sorting_1,1677,hand-sorting
RMQS_2024_SAINT-FRONT_1677_hand-sorting_2,1677,hand-sorting
RMQS_2024_SAINT-FRONT_1677_hand-sorting_3,1677,hand-sorting
RMQS_2024_SAINT-FRONT_1677_hand-sorting_4,1677,hand-sorting
RMQS_2024_SAINT-FRONT_1677_hand-sorting_5,1677,hand-sorting
RMQS_2024_SAINT-FRONT_1677_hand-sorting_6,1677,hand-sorting
RMQS_2024_SAINT-LAURENT-DES-BATONS_1660_hand-sorting_1,1660,hand-sorting
RMQS_2024_SAINT-LAURENT-DES-BATONS_1660_hand-sorting_2,1660,hand-sorting
RMQS_2024_SAINT-LAURENT-DES-BATONS_1660_hand-sorting_3,1660,hand-sorting
RMQS_2024_SAINT-LAURENT-DES-BATONS_1660_hand-sorting_4,1660,hand-sorting
RMQS_2024_SAINT-LAURENT-DES-BATONS_1660_hand-sorting_5,1660,hand-sorting
RMQS_2024_SAINT-LAURENT-DES-BATONS_1660_hand-sorting_6,1660,hand-sorting
RMQS_2024_SAINT-MARTIN-DE-LANSUSCLE_1887_hand-sorting_1,1887,hand-sorting
RMQS_2024_SAINT-MARTIN-DE-LANSUSCLE_1887_hand-sorting_2,1887,hand-sorting
RMQS_2024_SAINT-MARTIN-DE-LANSUSCLE_1887_hand-sorting_3,1887,hand-sorting
RMQS_2024_SAINT-MARTIN-DE-LANSUSCLE_1887_hand-sorting_4,1887,hand-sorting
RMQS_2024_SAINT-MARTIN-DE-LANSUSCLE_1887_hand-sorting_5,1887,hand-sorting
RMQS_2024_SAINT-MARTIN-DE-LANSUSCLE_1887_hand-sorting_6,1887,hand-sorting
RMQS_2024_SAINT-MAURICE-DES-LIONS_1372_hand-sorting_1,1372,hand-sorting
RMQS_2024_SAINT-MAURICE-DES-LIONS_1372_hand-sorting_2,1372,hand-sorting
RMQS_2024_SAINT-MAURICE-DES-LIONS_1372_hand-sorting_3,1372,hand-sorting
RMQS_2024_SAINT-MAURICE-DES-LIONS_1372_hand-sorting_4,1372,hand-sorting
RMQS_2024_SAINT-MAURICE-DES-LIONS_1372_hand-sorting_5,1372,hand-sorting
RMQS_2024_SAINT-MAURICE-DES-LIONS_1372_hand-sorting_6,1372,hand-sorting
RMQS_2024_SAINT-PIERRE-DE-MAILLE_1166_hand-sorting_1,1166,hand-sorting
RMQS_2024_SAINT-PIERRE-DE-MAILLE_1166_hand-sorting_2,1166,hand-sorting
RMQS_2024_SAINT-PIERRE-DE-MAILLE_1166_hand-sorting_3,1166,hand-sorting
RMQS_2024_SAINT-PIERRE-DE-MAILLE_1166_hand-sorting_4,1166,hand-sorting
RMQS_2024_SAINT-PIERRE-DE-MAILLE_1166_hand-sorting_5,1166,hand-sorting
RMQS_2024_SAINT-PIERRE-DE-MAILLE_1166_hand-sorting_6,1166,hand-sorting
RMQS_2024_SAIZERAIS_408_hand-sorting_1,408,hand-sorting
RMQS_2024_SAIZERAIS_408_hand-sorting_2,408,hand-sorting
RMQS_2024_SAIZERAIS_408_hand-sorting_3,408,hand-sorting
RMQS_2024_SAIZERAIS_408_hand-sorting_4,408,hand-sorting
RMQS_2024_SAIZERAIS_408_hand-sorting_5,408,hand-sorting
RMQS_2024_SAIZERAIS_408_hand-sorting_6,408,hand-sorting
RMQS_2024_SAVIGNY-SUR-BRAYE_792_hand-sorting_1,792,hand-sorting
RMQS_2024_SAVIGNY-SUR-BRAYE_792_hand-sorting_2,792,hand-sorting
RMQS_2024_SAVIGNY-SUR-BRAYE_792_hand-sorting_3,792,hand-sorting
RMQS_2024_SAVIGNY-SUR-BRAYE_792_hand-sorting_4,792,hand-sorting
RMQS_2024_SAVIGNY-SUR-BRAYE_792_hand-sorting_5,792,hand-sorting
RMQS_2024_SAVIGNY-SUR-BRAYE_792_hand-sorting_6,792,hand-sorting
RMQS_2024_SOUVIGNE_1243_hand-sorting_1,1243,hand-sorting
RMQS_2024_SOUVIGNE_1243_hand-sorting_2,1243,hand-sorting
RMQS_2024_SOUVIGNE_1243_hand-sorting_3,1243,hand-sorting
RMQS_2024_SOUVIGNE_1243_hand-sorting_4,1243,hand-sorting
RMQS_2024_SOUVIGNE_1243_hand-sorting_5,1243,hand-sorting
RMQS_2024_SOUVIGNE_1243_hand-sorting_6,1243,hand-sorting
RMQS_2024_SUIPPES_291_hand-sorting_1,291,hand-sorting
RMQS_2024_SUIPPES_291_hand-sorting_2,291,hand-sorting
RMQS_2024_SUIPPES_291_hand-sorting_3,291,hand-sorting
RMQS_2024_SUIPPES_291_hand-sorting_4,291,hand-sorting
RMQS_2024_SUIPPES_291_hand-sorting_5,291,hand-sorting
RMQS_2024_SUIPPES_291_hand-sorting_6,291,hand-sorting
RMQS_2024_TRIZAC_1587_hand-sorting_1,1587,hand-sorting
RMQS_2024_TRIZAC_1587_hand-sorting_2,1587,hand-sorting
RMQS_2024_TRIZAC_1587_hand-sorting_3,1587,hand-sorting
RMQS_2024_TRIZAC_1587_hand-sorting_5,1587,hand-sorting
RMQS_2024_TRIZAC_1587_hand-sorting_6,1587,hand-sorting
RMQS_2024_VITRY-EN-MONTAGNE_812_hand-sorting_1,812,hand-sorting
RMQS_2024_VITRY-EN-MONTAGNE_812_hand-sorting_2,812,hand-sorting
RMQS_2024_VITRY-EN-MONTAGNE_812_hand-sorting_3,812,hand-sorting
RMQS_2024_VITRY-EN-MONTAGNE_812_hand-sorting_4,812,hand-sorting
RMQS_2024_VITRY-EN-MONTAGNE_812_hand-sorting_5,812,hand-sorting
RMQS_2024_VITRY-EN-MONTAGNE_812_hand-sorting_6,812,hand-sorting
RMQS_2024_VONNAS_1310_hand-sorting_1,1310,hand-sorting
RMQS_2024_VONNAS_1310_hand-sorting_2,1310,hand-sorting
RMQS_2024_VONNAS_1310_hand-sorting_3,1310,hand-sorting
RMQS_2024_VONNAS_1310_hand-sorting_4,1310,hand-sorting
RMQS_2024_VONNAS_1310_hand-sorting_5,1310,hand-sorting
RMQS_2024_VONNAS_1310_hand-sorting_6,1310,hand-sorting
RMQS_2024_ARLES_2076_pitfall-trap_1,2076,pitfall-trap
RMQS_2024_ARLES_2076_pitfall-trap_2,2076,pitfall-trap
RMQS_2024_ARLES_2076_pitfall-trap_3,2076,pitfall-trap
RMQS_2024_ARLES_2076_pitfall-trap_4,2076,pitfall-trap
RMQS_2024_ARLES_2076_pitfall-trap_5,2076,pitfall-trap
RMQS_2024_ARLES_2076_pitfall-trap_6,2076,pitfall-trap
RMQS_2024_AUCELON_1768_pitfall-trap_1,1768,pitfall-trap
RMQS_2024_AUCELON_1768_pitfall-trap_2,1768,pitfall-trap
RMQS_2024_AUCELON_1768_pitfall-trap_3,1768,pitfall-trap
RMQS_2024_AUCELON_1768_pitfall-trap_4,1768,pitfall-trap
RMQS_2024_AUCELON_1768_pitfall-trap_5,1768,pitfall-trap
RMQS_2024_AUCELON_1768_pitfall-trap_6,1768,pitfall-trap
RMQS_2024_AULUS-LES-BAINS_2276_pitfall-trap_1,2276,pitfall-trap
RMQS_2024_AULUS-LES-BAINS_2276_pitfall-trap_2,2276,pitfall-trap
RMQS_2024_AULUS-LES-BAINS_2276_pitfall-trap_3,2276,pitfall-trap
RMQS_2024_AULUS-LES-BAINS_2276_pitfall-trap_4,2276,pitfall-trap
RMQS_2024_AULUS-LES-BAINS_2276_pitfall-trap_5,2276,pitfall-trap
RMQS_2024_AULUS-LES-BAINS_2276_pitfall-trap_6,2276,pitfall-trap
RMQS_2024_AURIERES_1464_pitfall-trap_1,1464,pitfall-trap
RMQS_2024_AURIERES_1464_pitfall-trap_2,1464,pitfall-trap
RMQS_2024_AURIERES_1464_pitfall-trap_3,1464,pitfall-trap
RMQS_2024_AURIERES_1464_pitfall-trap_4,1464,pitfall-trap
RMQS_2024_AURIERES_1464_pitfall-trap_5,1464,pitfall-trap
RMQS_2024_AURIERES_1464_pitfall-trap_6,1464,pitfall-trap
RMQS_2024_AUXERRE_805_pitfall-trap_1,805,pitfall-trap
RMQS_2024_AUXERRE_805_pitfall-trap_2,805,pitfall-trap
RMQS_2024_AUXERRE_805_pitfall-trap_3,805,pitfall-trap
RMQS_2024_AUXERRE_805_pitfall-trap_4,805,pitfall-trap
RMQS_2024_AUXERRE_805_pitfall-trap_5,805,pitfall-trap
RMQS_2024_AUXERRE_805_pitfall-trap_6,805,pitfall-trap
RMQS_2024_AUZON_1549_pitfall-trap_1,1549,pitfall-trap
RMQS_2024_AUZON_1549_pitfall-trap_2,1549,pitfall-trap
RMQS_2024_AUZON_1549_pitfall-trap_3,1549,pitfall-trap
RMQS_2024_AUZON_1549_pitfall-trap_4,1549,pitfall-trap
RMQS_2024_AUZON_1549_pitfall-trap_5,1549,pitfall-trap
RMQS_2024_AUZON_1549_pitfall-trap_6,1549,pitfall-trap
RMQS_2024_AVESNES-EN-SAOSNOIS_620_pitfall-trap_1,620,pitfall-trap
RMQS_2024_AVESNES-EN-SAOSNOIS_620_pitfall-trap_2,620,pitfall-trap
RMQS_2024_AVESNES-EN-SAOSNOIS_620_pitfall-trap_3,620,pitfall-trap
RMQS_2024_AVESNES-EN-SAOSNOIS_620_pitfall-trap_4,620,pitfall-trap
RMQS_2024_AVESNES-EN-SAOSNOIS_620_pitfall-trap_5,620,pitfall-trap
RMQS_2024_AVESNES-EN-SAOSNOIS_620_pitfall-trap_6,620,pitfall-trap
RMQS_2024_BEDEE_609_pitfall-trap_1,609,pitfall-trap
RMQS_2024_BEDEE_609_pitfall-trap_2,609,pitfall-trap
RMQS_2024_BEDEE_609_pitfall-trap_3,609,pitfall-trap
RMQS_2024_BEDEE_609_pitfall-trap_4,609,pitfall-trap
RMQS_2024_BEDEE_609_pitfall-trap_5,609,pitfall-trap
RMQS_2024_BEDEE_609_pitfall-trap_6,609,pitfall-trap
RMQS_2024_BELCASTEL_1837_pitfall-trap_1,1837,pitfall-trap
RMQS_2024_BELCASTEL_1837_pitfall-trap_2,1837,pitfall-trap
RMQS_2024_BELCASTEL_1837_pitfall-trap_3,1837,pitfall-trap
RMQS_2024_BELCASTEL_1837_pitfall-trap_4,1837,pitfall-trap
RMQS_2024_BELCASTEL_1837_pitfall-trap_5,1837,pitfall-trap
RMQS_2024_BELCASTEL_1837_pitfall-trap_6,1837,pitfall-trap
RMQS_2024_BELMONT-SUR-RANCE_2021_pitfall-trap_1,2021,pitfall-trap
RMQS_2024_BELMONT-SUR-RANCE_2021_pitfall-trap_2,2021,pitfall-trap
RMQS_2024_BELMONT-SUR-RANCE_2021_pitfall-trap_3,2021,pitfall-trap
RMQS_2024_BELMONT-SUR-RANCE_2021_pitfall-trap_4,2021,pitfall-trap
RMQS_2024_BELMONT-SUR-RANCE_2021_pitfall-trap_5,2021,pitfall-trap
RMQS_2024_BELMONT-SUR-RANCE_2021_pitfall-trap_6,2021,pitfall-trap
RMQS_2024_BELVAL-SOUS-CHATILLON_288_pitfall-trap_1,288,pitfall-trap
RMQS_2024_BELVAL-SOUS-CHATILLON_288_pitfall-trap_2,288,pitfall-trap
RMQS_2024_BELVAL-SOUS-CHATILLON_288_pitfall-trap_3,288,pitfall-trap
RMQS_2024_BELVAL-SOUS-CHATILLON_288_pitfall-trap_4,288,pitfall-trap
RMQS_2024_BELVAL-SOUS-CHATILLON_288_pitfall-trap_5,288,pitfall-trap
RMQS_2024_BELVAL-SOUS-CHATILLON_288_pitfall-trap_6,288,pitfall-trap
RMQS_2024_BENGY-SUR-CRAON_1090_pitfall-trap_1,1090,pitfall-trap
RMQS_2024_BENGY-SUR-CRAON_1090_pitfall-trap_2,1090,pitfall-trap
RMQS_2024_BENGY-SUR-CRAON_1090_pitfall-trap_3,1090,pitfall-trap
RMQS_2024_BENGY-SUR-CRAON_1090_pitfall-trap_4,1090,pitfall-trap
RMQS_2024_BENGY-SUR-CRAON_1090_pitfall-trap_5,1090,pitfall-trap
RMQS_2024_BENGY-SUR-CRAON_1090_pitfall-trap_6,1090,pitfall-trap
RMQS_2024_BREGNIER-CORDON_1477_pitfall-trap_1,1477,pitfall-trap
RMQS_2024_BREGNIER-CORDON_1477_pitfall-trap_2,1477,pitfall-trap
RMQS_2024_BREGNIER-CORDON_1477_pitfall-trap_3,1477,pitfall-trap
RMQS_2024_BREGNIER-CORDON_1477_pitfall-trap_4,1477,pitfall-trap
RMQS_2024_BREGNIER-CORDON_1477_pitfall-trap_5,1477,pitfall-trap
RMQS_2024_BREGNIER-CORDON_1477_pitfall-trap_6,1477,pitfall-trap
RMQS_2024_BUSSY-LETTREE_400_pitfall-trap_1,400,pitfall-trap
RMQS_2024_BUSSY-LETTREE_400_pitfall-trap_2,400,pitfall-trap
RMQS_2024_BUSSY-LETTREE_400_pitfall-trap_3,400,pitfall-trap
RMQS_2024_BUSSY-LETTREE_400_pitfall-trap_4,400,pitfall-trap
RMQS_2024_BUSSY-LETTREE_400_pitfall-trap_5,400,pitfall-trap
RMQS_2024_BUSSY-LETTREE_400_pitfall-trap_6,400,pitfall-trap
RMQS_2024_CAIRANNE_1893_pitfall-trap_1,1893,pitfall-trap
RMQS_2024_CAIRANNE_1893_pitfall-trap_2,1893,pitfall-trap
RMQS_2024_CAIRANNE_1893_pitfall-trap_3,1893,pitfall-trap
RMQS_2024_CAIRANNE_1893_pitfall-trap_4,1893,pitfall-trap
RMQS_2024_CAIRANNE_1893_pitfall-trap_5,1893,pitfall-trap
RMQS_2024_CAIRANNE_1893_pitfall-trap_6,1893,pitfall-trap
RMQS_2024_CALES_1706_pitfall-trap_1,1706,pitfall-trap
RMQS_2024_CALES_1706_pitfall-trap_2,1706,pitfall-trap
RMQS_2024_CALES_1706_pitfall-trap_3,1706,pitfall-trap
RMQS_2024_CALES_1706_pitfall-trap_4,1706,pitfall-trap
RMQS_2024_CALES_1706_pitfall-trap_5,1706,pitfall-trap
RMQS_2024_CALES_1706_pitfall-trap_6,1706,pitfall-trap
RMQS_2024_CASTELNAU-MONTRATIER_1875_pitfall-trap_1,1875,pitfall-trap
RMQS_2024_CASTELNAU-MONTRATIER_1875_pitfall-trap_2,1875,pitfall-trap
RMQS_2024_CASTELNAU-MONTRATIER_1875_pitfall-trap_3,1875,pitfall-trap
RMQS_2024_CASTELNAU-MONTRATIER_1875_pitfall-trap_4,1875,pitfall-trap
RMQS_2024_CASTELNAU-MONTRATIER_1875_pitfall-trap_5,1875,pitfall-trap
RMQS_2024_CASTELNAU-MONTRATIER_1875_pitfall-trap_6,1875,pitfall-trap
RMQS_2024_CHENS-SUR-LEMAN_1274_pitfall-trap_1,1274,pitfall-trap
RMQS_2024_CHENS-SUR-LEMAN_1274_pitfall-trap_2,1274,pitfall-trap
RMQS_2024_CHENS-SUR-LEMAN_1274_pitfall-trap_3,1274,pitfall-trap
RMQS_2024_CHENS-SUR-LEMAN_1274_pitfall-trap_4,1274,pitfall-trap
RMQS_2024_CHENS-SUR-LEMAN_1274_pitfall-trap_5,1274,pitfall-trap
RMQS_2024_CHENS-SUR-LEMAN_1274_pitfall-trap_6,1274,pitfall-trap
RMQS_2024_CRECY-SUR-SERRE_137_pitfall-trap_1,137,pitfall-trap
RMQS_2024_CRECY-SUR-SERRE_137_pitfall-trap_2,137,pitfall-trap
RMQS_2024_CRECY-SUR-SERRE_137_pitfall-trap_3,137,pitfall-trap
RMQS_2024_CRECY-SUR-SERRE_137_pitfall-trap_4,137,pitfall-trap
RMQS_2024_CRECY-SUR-SERRE_137_pitfall-trap_5,137,pitfall-trap
RMQS_2024_CRECY-SUR-SERRE_137_pitfall-trap_6,137,pitfall-trap
RMQS_2024_DAHLENHEIM_476_pitfall-trap_1,476,pitfall-trap
RMQS_2024_DAHLENHEIM_476_pitfall-trap_2,476,pitfall-trap
RMQS_2024_DAHLENHEIM_476_pitfall-trap_3,476,pitfall-trap
RMQS_2024_DAHLENHEIM_476_pitfall-trap_4,476,pitfall-trap
RMQS_2024_DAHLENHEIM_476_pitfall-trap_5,476,pitfall-trap
RMQS_2024_DAHLENHEIM_476_pitfall-trap_6,476,pitfall-trap
RMQS_2024_DREVANT_1174_pitfall-trap_1,1174,pitfall-trap
RMQS_2024_DREVANT_1174_pitfall-trap_2,1174,pitfall-trap
RMQS_2024_DREVANT_1174_pitfall-trap_3,1174,pitfall-trap
RMQS_2024_DREVANT_1174_pitfall-trap_4,1174,pitfall-trap
RMQS_2024_DREVANT_1174_pitfall-trap_5,1174,pitfall-trap
RMQS_2024_DREVANT_1174_pitfall-trap_6,1174,pitfall-trap
RMQS_2024_EVENOS_2205_pitfall-trap_1,2205,pitfall-trap
RMQS_2024_EVENOS_2205_pitfall-trap_2,2205,pitfall-trap
RMQS_2024_EVENOS_2205_pitfall-trap_3,2205,pitfall-trap
RMQS_2024_EVENOS_2205_pitfall-trap_4,2205,pitfall-trap
RMQS_2024_EVENOS_2205_pitfall-trap_5,2205,pitfall-trap
RMQS_2024_EVENOS_2205_pitfall-trap_6,2205,pitfall-trap
RMQS_2024_EYZERAC_1537_pitfall-trap_1,1537,pitfall-trap
RMQS_2024_EYZERAC_1537_pitfall-trap_2,1537,pitfall-trap
RMQS_2024_EYZERAC_1537_pitfall-trap_3,1537,pitfall-trap
RMQS_2024_EYZERAC_1537_pitfall-trap_4,1537,pitfall-trap
RMQS_2024_EYZERAC_1537_pitfall-trap_5,1537,pitfall-trap
RMQS_2024_EYZERAC_1537_pitfall-trap_6,1537,pitfall-trap
RMQS_2024_FESTES-ET-SAINT-ANDRE_2257_pitfall-trap_1,2257,pitfall-trap
RMQS_2024_FESTES-ET-SAINT-ANDRE_2257_pitfall-trap_2,2257,pitfall-trap
RMQS_2024_FESTES-ET-SAINT-ANDRE_2257_pitfall-trap_3,2257,pitfall-trap
RMQS_2024_FESTES-ET-SAINT-ANDRE_2257_pitfall-trap_4,2257,pitfall-trap
RMQS_2024_FESTES-ET-SAINT-ANDRE_2257_pitfall-trap_5,2257,pitfall-trap
RMQS_2024_FESTES-ET-SAINT-ANDRE_2257_pitfall-trap_6,2257,pitfall-trap
RMQS_2024_GOUTZ_2011_pitfall-trap_1,2011,pitfall-trap
RMQS_2024_GOUTZ_2011_pitfall-trap_2,2011,pitfall-trap
RMQS_2024_GOUTZ_2011_pitfall-trap_3,2011,pitfall-trap
RMQS_2024_GOUTZ_2011_pitfall-trap_4,2011,pitfall-trap
RMQS_2024_GOUTZ_2011_pitfall-trap_5,2011,pitfall-trap
RMQS_2024_GOUTZ_2011_pitfall-trap_6,2011,pitfall-trap
RMQS_2024_GREZET-CAVAGNAN_1826_pitfall-trap_1,1826,pitfall-trap
RMQS_2024_GREZET-CAVAGNAN_1826_pitfall-trap_2,1826,pitfall-trap
RMQS_2024_GREZET-CAVAGNAN_1826_pitfall-trap_3,1826,pitfall-trap
RMQS_2024_GREZET-CAVAGNAN_1826_pitfall-trap_4,1826,pitfall-trap
RMQS_2024_GREZET-CAVAGNAN_1826_pitfall-trap_5,1826,pitfall-trap
RMQS_2024_GREZET-CAVAGNAN_1826_pitfall-trap_6,1826,pitfall-trap
RMQS_2024_GUICLAN_423_pitfall-trap_1,423,pitfall-trap
RMQS_2024_GUICLAN_423_pitfall-trap_2,423,pitfall-trap
RMQS_2024_GUICLAN_423_pitfall-trap_3,423,pitfall-trap
RMQS_2024_GUICLAN_423_pitfall-trap_4,423,pitfall-trap
RMQS_2024_GUICLAN_423_pitfall-trap_5,423,pitfall-trap
RMQS_2024_GUICLAN_423_pitfall-trap_6,423,pitfall-trap
RMQS_2024_ILE-D'ARZ_827_pitfall-trap_1,827,pitfall-trap
RMQS_2024_ILE-D'ARZ_827_pitfall-trap_2,827,pitfall-trap
RMQS_2024_ILE-D'ARZ_827_pitfall-trap_3,827,pitfall-trap
RMQS_2024_ILE-D'ARZ_827_pitfall-trap_4,827,pitfall-trap
RMQS_2024_ILE-D'ARZ_827_pitfall-trap_5,827,pitfall-trap
RMQS_2024_ILE-D'ARZ_827_pitfall-trap_6,827,pitfall-trap
RMQS_2024_ILLOUD_644_pitfall-trap_1,644,pitfall-trap
RMQS_2024_ILLOUD_644_pitfall-trap_2,644,pitfall-trap
RMQS_2024_ILLOUD_644_pitfall-trap_3,644,pitfall-trap
RMQS_2024_ILLOUD_644_pitfall-trap_4,644,pitfall-trap
RMQS_2024_ILLOUD_644_pitfall-trap_5,644,pitfall-trap
RMQS_2024_ILLOUD_644_pitfall-trap_6,644,pitfall-trap
RMQS_2024_LA PLAINE_1030_pitfall-trap_1,1030,pitfall-trap
RMQS_2024_LA PLAINE_1030_pitfall-trap_2,1030,pitfall-trap
RMQS_2024_LA PLAINE_1030_pitfall-trap_3,1030,pitfall-trap
RMQS_2024_LA PLAINE_1030_pitfall-trap_4,1030,pitfall-trap
RMQS_2024_LA PLAINE_1030_pitfall-trap_5,1030,pitfall-trap
RMQS_2024_LA PLAINE_1030_pitfall-trap_6,1030,pitfall-trap
RMQS_2024_LA TAGNIERE_1141_pitfall-trap_1,1141,pitfall-trap
RMQS_2024_LA TAGNIERE_1141_pitfall-trap_2,1141,pitfall-trap
RMQS_2024_LA TAGNIERE_1141_pitfall-trap_3,1141,pitfall-trap
RMQS_2024_LA TAGNIERE_1141_pitfall-trap_4,1141,pitfall-trap
RMQS_2024_LA TAGNIERE_1141_pitfall-trap_5,1141,pitfall-trap
RMQS_2024_LA TAGNIERE_1141_pitfall-trap_6,1141,pitfall-trap
RMQS_2024_LA TRANCHE-SUR-MER_1237_pitfall-trap_1,1237,pitfall-trap
RMQS_2024_LA TRANCHE-SUR-MER_1237_pitfall-trap_2,1237,pitfall-trap
RMQS_2024_LA TRANCHE-SUR-MER_1237_pitfall-trap_3,1237,pitfall-trap
RMQS_2024_LA TRANCHE-SUR-MER_1237_pitfall-trap_4,1237,pitfall-trap
RMQS_2024_LA TRANCHE-SUR-MER_1237_pitfall-trap_5,1237,pitfall-trap
RMQS_2024_LA TRANCHE-SUR-MER_1237_pitfall-trap_6,1237,pitfall-trap
RMQS_2024_LAGOS_2182_pitfall-trap_1,2182,pitfall-trap
RMQS_2024_LAGOS_2182_pitfall-trap_2,2182,pitfall-trap
RMQS_2024_Lagos_2182_pitfall-trap_2,2182,pitfall-trap
RMQS_2024_LAGOS_2182_pitfall-trap_3,2182,pitfall-trap
RMQS_2024_LAGOS_2182_pitfall-trap_4,2182,pitfall-trap
RMQS_2024_LAGOS_2182_pitfall-trap_5,2182,pitfall-trap
RMQS_2024_LAGOS_2182_pitfall-trap_6,2182,pitfall-trap
RMQS_2024_LANTON_1694_pitfall-trap_1,1694,pitfall-trap
RMQS_2024_LANTON_1694_pitfall-trap_2,1694,pitfall-trap
RMQS_2024_LANTON_1694_pitfall-trap_3,1694,pitfall-trap
RMQS_2024_LANTON_1694_pitfall-trap_4,1694,pitfall-trap
RMQS_2024_LANTON_1694_pitfall-trap_5,1694,pitfall-trap
RMQS_2024_LANTON_1694_pitfall-trap_6,1694,pitfall-trap
RMQS_2024_LA-PLAINE_1030_pitfall-trap_1,1030,pitfall-trap
RMQS_2024_LA-PLAINE_1030_pitfall-trap_2,1030,pitfall-trap
RMQS_2024_LA-PLAINE_1030_pitfall-trap_3,1030,pitfall-trap
RMQS_2024_LA-PLAINE_1030_pitfall-trap_4,1030,pitfall-trap
RMQS_2024_LA-PLAINE_1030_pitfall-trap_5,1030,pitfall-trap
RMQS_2024_LA-PLAINE_1030_pitfall-trap_6,1030,pitfall-trap
RMQS_2024_LA-TAGNIERE_1141_pitfall-trap_1,1141,pitfall-trap
RMQS_2024_LA-TAGNIERE_1141_pitfall-trap_2,1141,pitfall-trap
RMQS_2024_LA-TAGNIERE_1141_pitfall-trap_3,1141,pitfall-trap
RMQS_2024_LA-TAGNIERE_1141_pitfall-trap_4,1141,pitfall-trap
RMQS_2024_LA-TAGNIERE_1141_pitfall-trap_5,1141,pitfall-trap
RMQS_2024_LA-TAGNIERE_1141_pitfall-trap_6,1141,pitfall-trap
RMQS_2024_LA-TRANCHE-SUR-MER_1237_pitfall-trap_1,1237,pitfall-trap
RMQS_2024_LA-TRANCHE-SUR-MER_1237_pitfall-trap_2,1237,pitfall-trap
RMQS_2024_LA-TRANCHE-SUR-MER_1237_pitfall-trap_3,1237,pitfall-trap
RMQS_2024_LA-TRANCHE-SUR-MER_1237_pitfall-trap_4,1237,pitfall-trap
RMQS_2024_LA-TRANCHE-SUR-MER_1237_pitfall-trap_5,1237,pitfall-trap
RMQS_2024_LA-TRANCHE-SUR-MER_1237_pitfall-trap_6,1237,pitfall-trap
RMQS_2024_LAURIS_2034_pitfall-trap_1,2034,pitfall-trap
RMQS_2024_LAURIS_2034_pitfall-trap_2,2034,pitfall-trap
RMQS_2024_LAURIS_2034_pitfall-trap_3,2034,pitfall-trap
RMQS_2024_LAURIS_2034_pitfall-trap_4,2034,pitfall-trap
RMQS_2024_LAURIS_2034_pitfall-trap_5,2034,pitfall-trap
RMQS_2024_LAURIS_2034_pitfall-trap_6,2034,pitfall-trap
RMQS_2024_LE LE MAS_1996_pitfall-trap_3,1996,pitfall-trap
RMQS_2024_LE MAS_1996_pitfall-trap_1,1996,pitfall-trap
RMQS_2024_LE MAS_1996_pitfall-trap_2,1996,pitfall-trap
RMQS_2024_LE MAS_1996_pitfall-trap_3,1996,pitfall-trap
RMQS_2024_LE MAS_1996_pitfall-trap_5,1996,pitfall-trap
RMQS_2024_LE MAS_1996_pitfall-trap_6,1996,pitfall-trap
RMQS_2024_LE PERIER_1686_pitfall-trap_1,1686,pitfall-trap
RMQS_2024_LE PERIER_1686_pitfall-trap_2,1686,pitfall-trap
RMQS_2024_LE PERIER_1686_pitfall-trap_3,1686,pitfall-trap
RMQS_2024_LE PERIER_1686_pitfall-trap_4,1686,pitfall-trap
RMQS_2024_LE PERIER_1686_pitfall-trap_5,1686,pitfall-trap
RMQS_2024_LE PERIER_1686_pitfall-trap_6,1686,pitfall-trap
RMQS_2024_LE-MAS_1996_pitfall-trap_1,1996,pitfall-trap
RMQS_2024_LE-MAS_1996_pitfall-trap_2,1996,pitfall-trap
RMQS_2024_LE-MAS_1996_pitfall-trap_3,1996,pitfall-trap
RMQS_2024_LE-MAS_1996_pitfall-trap_4,1996,pitfall-trap
RMQS_2024_LE-MAS_1996_pitfall-trap_5,1996,pitfall-trap
RMQS_2024_LE-MAS_1996_pitfall-trap_6,1996,pitfall-trap
RMQS_2024_LE-PEAGE-DE-ROUSSILLON_1556_pitfall-trap_1,1556,pitfall-trap
RMQS_2024_LE-PEAGE-DE-ROUSSILLON_1556_pitfall-trap_2,1556,pitfall-trap
RMQS_2024_LE-PEAGE-DE-ROUSSILLON_1556_pitfall-trap_3,1556,pitfall-trap
RMQS_2024_LE-PEAGE-DE-ROUSSILLON_1556_pitfall-trap_4,1556,pitfall-trap
RMQS_2024_LE-PEAGE-DE-ROUSSILLON_1556_pitfall-trap_5,1556,pitfall-trap
RMQS_2024_LE-PEAGE-DE-ROUSSILLON_1556_pitfall-trap_6,1556,pitfall-trap
RMQS_2024_LE-PERIER_1686_pitfall-trap_1,1686,pitfall-trap
RMQS_2024_LE-PERIER_1686_pitfall-trap_2,1686,pitfall-trap
RMQS_2024_LE-PERIER_1686_pitfall-trap_3,1686,pitfall-trap
RMQS_2024_LE-PERIER_1686_pitfall-trap_4,1686,pitfall-trap
RMQS_2024_LE-PERIER_1686_pitfall-trap_5,1686,pitfall-trap
RMQS_2024_LE-PERIER_1686_pitfall-trap_6,1686,pitfall-trap
RMQS_2024_LEVONCOURT_926_pitfall-trap_1,926,pitfall-trap
RMQS_2024_LEVONCOURT_926_pitfall-trap_2,926,pitfall-trap
RMQS_2024_LEVONCOURT_926_pitfall-trap_3,926,pitfall-trap
RMQS_2024_LEVONCOURT_926_pitfall-trap_4,926,pitfall-trap
RMQS_2024_LEVONCOURT_926_pitfall-trap_5,926,pitfall-trap
RMQS_2024_LEVONCOURT_926_pitfall-trap_6,926,pitfall-trap
RMQS_2024_LINTOT_152_pitfall-trap_1,152,pitfall-trap
RMQS_2024_LINTOT_152_pitfall-trap_2,152,pitfall-trap
RMQS_2024_LINTOT_152_pitfall-trap_3,152,pitfall-trap
RMQS_2024_LINTOT_152_pitfall-trap_4,152,pitfall-trap
RMQS_2024_LINTOT_152_pitfall-trap_5,152,pitfall-trap
RMQS_2024_LINTOT_152_pitfall-trap_6,152,pitfall-trap
RMQS_2024_LOSNE_1058_pitfall-trap_1,1058,pitfall-trap
RMQS_2024_LOSNE_1058_pitfall-trap_2,1058,pitfall-trap
RMQS_2024_LOSNE_1058_pitfall-trap_3,1058,pitfall-trap
RMQS_2024_LOSNE_1058_pitfall-trap_4,1058,pitfall-trap
RMQS_2024_LOSNE_1058_pitfall-trap_5,1058,pitfall-trap
RMQS_2024_LOSNE_1058_pitfall-trap_6,1058,pitfall-trap
RMQS_2024_MAISONCELLES-DU-MAINE_730_ pitfall-trap_1,730,pitfall-trap
RMQS_2024_MAISONCELLES-DU-MAINE_730_ pitfall-trap_4,730,pitfall-trap
RMQS_2024_MAISONCELLES-DU-MAINE_730_ pitfall-trap_6,730,pitfall-trap
RMQS_2024_MAISONCELLES-DU-MAINE_730_pitfall-trap_1,730,pitfall-trap
RMQS_2024_MAISONCELLES-DU-MAINE_730_pitfall-trap_2,730,pitfall-trap
RMQS_2024_MAISONCELLES-DU-MAINE_730_pitfall-trap_3,730,pitfall-trap
RMQS_2024_MAISONCELLES-DU-MAINE_730_pitfall-trap_4,730,pitfall-trap
RMQS_2024_MAISONCELLES-DU-MAINE_730_pitfall-trap_5,730,pitfall-trap
RMQS_2024_MAISONCELLES-DU-MAINE_730_pitfall-trap_6,730,pitfall-trap
RMQS_2024_MALTAT_1180_pitfall-trap_1,1180,pitfall-trap
RMQS_2024_MALTAT_1180_pitfall-trap_2,1180,pitfall-trap
RMQS_2024_MALTAT_1180_pitfall-trap_3,1180,pitfall-trap
RMQS_2024_MALTAT_1180_pitfall-trap_4,1180,pitfall-trap
RMQS_2024_MALTAT_1180_pitfall-trap_5,1180,pitfall-trap
RMQS_2024_MALTAT_1180_pitfall-trap_6,1180,pitfall-trap
RMQS_2024_MAZERAY_1366_pitfall-trap_1,1366,pitfall-trap
RMQS_2024_MAZERAY_1366_pitfall-trap_2,1366,pitfall-trap
RMQS_2024_MAZERAY_1366_pitfall-trap_3,1366,pitfall-trap
RMQS_2024_MAZERAY_1366_pitfall-trap_4,1366,pitfall-trap
RMQS_2024_MAZERAY_1366_pitfall-trap_5,1366,pitfall-trap
RMQS_2024_MAZERAY_1366_pitfall-trap_6,1366,pitfall-trap
RMQS_2024_MENERVAL_157_pitfall-trap_1,157,pitfall-trap
RMQS_2024_MENERVAL_157_pitfall-trap_2,157,pitfall-trap
RMQS_2024_MENERVAL_157_pitfall-trap_3,157,pitfall-trap
RMQS_2024_MENERVAL_157_pitfall-trap_4,157,pitfall-trap
RMQS_2024_MENERVAL_157_pitfall-trap_5,157,pitfall-trap
RMQS_2024_MENERVAL_157_pitfall-trap_6,157,pitfall-trap
RMQS_2024_MERCY-LE-HAUT_215_pitfall-trap_1,215,pitfall-trap
RMQS_2024_MERCY-LE-HAUT_215_pitfall-trap_2,215,pitfall-trap
RMQS_2024_MERCY-LE-HAUT_215_pitfall-trap_3,215,pitfall-trap
RMQS_2024_MERCY-LE-HAUT_215_pitfall-trap_4,215,pitfall-trap
RMQS_2024_MERCY-LE-HAUT_215_pitfall-trap_5,215,pitfall-trap
RMQS_2024_MERCY-LE-HAUT_215_pitfall-trap_6,215,pitfall-trap
RMQS_2024_MEZERAY_788_pitfall-trap_1,788,pitfall-trap
RMQS_2024_MEZERAY_788_pitfall-trap_2,788,pitfall-trap
RMQS_2024_MEZERAY_788_pitfall-trap_3,788,pitfall-trap
RMQS_2024_MEZERAY_788_pitfall-trap_4,788,pitfall-trap
RMQS_2024_MEZERAY_788_pitfall-trap_5,788,pitfall-trap
RMQS_2024_MEZERAY_788_pitfall-trap_6,788,pitfall-trap
RMQS_2024_MONTJUSTIN-ET-VELOTTE_870_pitfall-trap_1,870,pitfall-trap
RMQS_2024_MONTJUSTIN-ET-VELOTTE_870_pitfall-trap_2,870,pitfall-trap
RMQS_2024_MONTJUSTIN-ET-VELOTTE_870_pitfall-trap_3,870,pitfall-trap
RMQS_2024_MONTJUSTIN-ET-VELOTTE_870_pitfall-trap_4,870,pitfall-trap
RMQS_2024_MONTJUSTIN-ET-VELOTTE_870_pitfall-trap_5,870,pitfall-trap
RMQS_2024_MONTJUSTIN-ET-VELOTTE_870_pitfall-trap_6,870,pitfall-trap
RMQS_2024_PARIS_391_pitfall-trap_1,391,pitfall-trap
RMQS_2024_PARIS_391_pitfall-trap_2,391,pitfall-trap
RMQS_2024_PARIS_391_pitfall-trap_3,391,pitfall-trap
RMQS_2024_PARIS_391_pitfall-trap_4,391,pitfall-trap
RMQS_2024_PARIS_391_pitfall-trap_5,391,pitfall-trap
RMQS_2024_PARIS_391_pitfall-trap_6,391,pitfall-trap
RMQS_2024_PLASSAC-ROUFFIAC_1491_pitfall-trap_1,1491,pitfall-trap
RMQS_2024_PLASSAC-ROUFFIAC_1491_pitfall-trap_2,1491,pitfall-trap
RMQS_2024_PLASSAC-ROUFFIAC_1491_pitfall-trap_3,1491,pitfall-trap
RMQS_2024_PLASSAC-ROUFFIAC_1491_pitfall-trap_4,1491,pitfall-trap
RMQS_2024_PLASSAC-ROUFFIAC_1491_pitfall-trap_5,1491,pitfall-trap
RMQS_2024_PLASSAC-ROUFFIAC_1491_pitfall-trap_6,1491,pitfall-trap
RMQS_2024_PONT-SUR-YONNE_633_pitfall-trap_1,633,pitfall-trap
RMQS_2024_PONT-SUR-YONNE_633_pitfall-trap_2,633,pitfall-trap
RMQS_2024_PONT-SUR-YONNE_633_pitfall-trap_3,633,pitfall-trap
RMQS_2024_PONT-SUR-YONNE_633_pitfall-trap_4,633,pitfall-trap
RMQS_2024_PONT-SUR-YONNE_633_pitfall-trap_5,633,pitfall-trap
RMQS_2024_PONT-SUR-YONNE_633_pitfall-trap_6,633,pitfall-trap
RMQS_2024_PORTA_2312_pitfall-trap_1,2312,pitfall-trap
RMQS_2024_PORTA_2312_pitfall-trap_2,2312,pitfall-trap
RMQS_2024_PORTA_2312_pitfall-trap_3,2312,pitfall-trap
RMQS_2024_PORTA_2312_pitfall-trap_4,2312,pitfall-trap
RMQS_2024_PORTA_2312_pitfall-trap_5,2312,pitfall-trap
RMQS_2024_PORTA_2312_pitfall-trap_6,2312,pitfall-trap
RMQS_2024_PUIMOISSON_1992_pitfall-trap_1,1992,pitfall-trap
RMQS_2024_PUIMOISSON_1992_pitfall-trap_2,1992,pitfall-trap
RMQS_2024_PUIMOISSON_1992_pitfall-trap_3,1992,pitfall-trap
RMQS_2024_PUIMOISSON_1992_pitfall-trap_4,1992,pitfall-trap
RMQS_2024_PUIMOISSON_1992_pitfall-trap_5,1992,pitfall-trap
RMQS_2024_PUIMOISSON_1992_pitfall-trap_6,1992,pitfall-trap
RMQS_2024_QUINTILLAN_2260_pitfall-trap_1,2260,pitfall-trap
RMQS_2024_QUINTILLAN_2260_pitfall-trap_2,2260,pitfall-trap
RMQS_2024_QUINTILLAN_2260_pitfall-trap_3,2260,pitfall-trap
RMQS_2024_QUINTILLAN_2260_pitfall-trap_4,2260,pitfall-trap
RMQS_2024_QUINTILLAN_2260_pitfall-trap_5,2260,pitfall-trap
RMQS_2024_QUINTILLAN_2260_pitfall-trap_6,2260,pitfall-trap
RMQS_2024_SAINTE-MARGUERITE-D'ELLE_223_pitfall-trap_1,223,pitfall-trap
RMQS_2024_SAINTE-MARGUERITE-D'ELLE_223_pitfall-trap_2,223,pitfall-trap
RMQS_2024_SAINTE-MARGUERITE-D'ELLE_223_pitfall-trap_3,223,pitfall-trap
RMQS_2024_SAINTE-MARGUERITE-D'ELLE_223_pitfall-trap_4,223,pitfall-trap
RMQS_2024_SAINTE-MARGUERITE-D'ELLE_223_pitfall-trap_5,223,pitfall-trap
RMQS_2024_SAINTE-MARGUERITE-D'ELLE_223_pitfall-trap_6,223,pitfall-trap
RMQS_2024_SAINT-FRONT_1677_pitfall-trap_1,1677,pitfall-trap
RMQS_2024_SAINT-FRONT_1677_pitfall-trap_2,1677,pitfall-trap
RMQS_2024_SAINT-FRONT_1677_pitfall-trap_3,1677,pitfall-trap
RMQS_2024_SAINT-FRONT_1677_pitfall-trap_4,1677,pitfall-trap
RMQS_2024_SAINT-FRONT_1677_pitfall-trap_5,1677,pitfall-trap
RMQS_2024_SAINT-FRONT_1677_pitfall-trap_6,1677,pitfall-trap
RMQS_2024_SAINT-LAURENT-DES-BATONS_1660_pitfall-trap_1,1660,pitfall-trap
RMQS_2024_SAINT-LAURENT-DES-BATONS_1660_pitfall-trap_2,1660,pitfall-trap
RMQS_2024_SAINT-LAURENT-DES-BATONS_1660_pitfall-trap_3,1660,pitfall-trap
RMQS_2024_SAINT-LAURENT-DES-BATONS_1660_pitfall-trap_4,1660,pitfall-trap
RMQS_2024_SAINT-LAURENT-DES-BATONS_1660_pitfall-trap_5,1660,pitfall-trap
RMQS_2024_SAINT-LAURENT-DES-BATONS_1660_pitfall-trap_6,1660,pitfall-trap
RMQS_2024_SAINT-MARTIN-DE-LANSUSCLE_1887_pitfall-trap_1,1887,pitfall-trap
RMQS_2024_SAINT-MARTIN-DE-LANSUSCLE_1887_pitfall-trap_2,1887,pitfall-trap
RMQS_2024_SAINT-MARTIN-DE-LANSUSCLE_1887_pitfall-trap_3,1887,pitfall-trap
RMQS_2024_SAINT-MARTIN-DE-LANSUSCLE_1887_pitfall-trap_4,1887,pitfall-trap
RMQS_2024_SAINT-MARTIN-DE-LANSUSCLE_1887_pitfall-trap_5,1887,pitfall-trap
RMQS_2024_SAINT-MARTIN-DE-LANSUSCLE_1887_pitfall-trap_6,1887,pitfall-trap
RMQS_2024_SAINT-MAURICE-DES-LIONS_1372_pitfall-trap_1,1372,pitfall-trap
RMQS_2024_SAINT-MAURICE-DES-LIONS_1372_pitfall-trap_2,1372,pitfall-trap
RMQS_2024_SAINT-MAURICE-DES-LIONS_1372_pitfall-trap_3,1372,pitfall-trap
RMQS_2024_SAINT-MAURICE-DES-LIONS_1372_pitfall-trap_4,1372,pitfall-trap
RMQS_2024_SAINT-MAURICE-DES-LIONS_1372_pitfall-trap_5,1372,pitfall-trap
RMQS_2024_SAINT-MAURICE-DES-LIONS_1372_pitfall-trap_6,1372,pitfall-trap
RMQS_2024_SAINT-PIERRE-DE-MAILLE_1166_pitfall-trap_1,1166,pitfall-trap
RMQS_2024_SAINT-PIERRE-DE-MAILLE_1166_pitfall-trap_2,1166,pitfall-trap
RMQS_2024_SAINT-PIERRE-DE-MAILLE_1166_pitfall-trap_3,1166,pitfall-trap
RMQS_2024_SAINT-PIERRE-DE-MAILLE_1166_pitfall-trap_4,1166,pitfall-trap
RMQS_2024_SAINT-PIERRE-DE-MAILLE_1166_pitfall-trap_5,1166,pitfall-trap
RMQS_2024_SAINT-PIERRE-DE-MAILLE_1166_pitfall-trap_6,1166,pitfall-trap
RMQS_2024_SAIZERAIS_408_pitfall-trap_1,408,pitfall-trap
RMQS_2024_SAIZERAIS_408_pitfall-trap_2,408,pitfall-trap
RMQS_2024_SAIZERAIS_408_pitfall-trap_3,408,pitfall-trap
RMQS_2024_SAIZERAIS_408_pitfall-trap_4,408,pitfall-trap
RMQS_2024_SAIZERAIS_408_pitfall-trap_5,408,pitfall-trap
RMQS_2024_SAIZERAIS_408_pitfall-trap_6,408,pitfall-trap
RMQS_2024_SAVIGNY-SUR-BRAYE_792_pitfall-trap_1,792,pitfall-trap
RMQS_2024_SAVIGNY-SUR-BRAYE_792_pitfall-trap_2,792,pitfall-trap
RMQS_2024_SAVIGNY-SUR-BRAYE_792_pitfall-trap_3,792,pitfall-trap
RMQS_2024_SAVIGNY-SUR-BRAYE_792_pitfall-trap_4,792,pitfall-trap
RMQS_2024_SAVIGNY-SUR-BRAYE_792_pitfall-trap_5,792,pitfall-trap
RMQS_2024_SAVIGNY-SUR-BRAYE_792_pitfall-trap_6,792,pitfall-trap
RMQS_2024_SOUVIGNE_1243_pitfall-trap_1,1243,pitfall-trap
RMQS_2024_SOUVIGNE_1243_pitfall-trap_2,1243,pitfall-trap
RMQS_2024_SOUVIGNE_1243_pitfall-trap_3,1243,pitfall-trap
RMQS_2024_SOUVIGNE_1243_pitfall-trap_4,1243,pitfall-trap
RMQS_2024_SOUVIGNE_1243_pitfall-trap_5,1243,pitfall-trap
RMQS_2024_SOUVIGNE_1243_pitfall-trap_6,1243,pitfall-trap
RMQS_2024_SUIPPES_291_pitfall-trap_1,291,pitfall-trap
RMQS_2024_SUIPPES_291_pitfall-trap_2,291,pitfall-trap
RMQS_2024_SUIPPES_291_pitfall-trap_3,291,pitfall-trap
RMQS_2024_SUIPPES_291_pitfall-trap_4,291,pitfall-trap
RMQS_2024_SUIPPES_291_pitfall-trap_5,291,pitfall-trap
RMQS_2024_SUIPPES_291_pitfall-trap_6,291,pitfall-trap
RMQS_2024_TRIZAC_1587_pitfall-trap_1,1587,pitfall-trap
RMQS_2024_TRIZAC_1587_pitfall-trap_2,1587,pitfall-trap
RMQS_2024_TRIZAC_1587_pitfall-trap_3,1587,pitfall-trap
RMQS_2024_TRIZAC_1587_pitfall-trap_4,1587,pitfall-trap
RMQS_2024_TRIZAC_1587_pitfall-trap_5,1587,pitfall-trap
RMQS_2024_TRIZAC_1587_pitfall-trap_6,1587,pitfall-trap
RMQS_2024_VITRY-EN-MONTAGNE_812_pitfall-trap_1,812,pitfall-trap
RMQS_2024_VITRY-EN-MONTAGNE_812_pitfall-trap_2,812,pitfall-trap
RMQS_2024_VITRY-EN-MONTAGNE_812_pitfall-trap_3,812,pitfall-trap
RMQS_2024_VITRY-EN-MONTAGNE_812_pitfall-trap_4,812,pitfall-trap
RMQS_2024_VITRY-EN-MONTAGNE_812_pitfall-trap_5,812,pitfall-trap
RMQS_2024_VITRY-EN-MONTAGNE_812_pitfall-trap_6,812,pitfall-trap
RMQS_2024_VONNAS_1310_pitfall-trap_1,1310,pitfall-trap
RMQS_2024_VONNAS_1310_pitfall-trap_2,1310,pitfall-trap
RMQS_2024_VONNAS_1310_pitfall-trap_3,1310,pitfall-trap
RMQS_2024_VONNAS_1310_pitfall-trap_4,1310,pitfall-trap
RMQS_2024_VONNAS_1310_pitfall-trap_5,1310,pitfall-trap
RMQS_2024_VONNAS_1310_pitfall-trap_6,1310,pitfall-trap
RMQS_2024_ARLES_2076_soil-core_2,2076,soil-core
RMQS_2024_ARLES_2076_soil-core_3,2076,soil-core
RMQS_2024_AUCELON_1768_soil-core_1,1768,soil-core
RMQS_2024_AUCELON_1768_soil-core_2,1768,soil-core
RMQS_2024_AUCELON_1768_soil-core_3,1768,soil-core
RMQS_2024_AULUS-LES-BAINS_2276_soil-core_1,2276,soil-core
RMQS_2024_AULUS-LES-BAINS_2276_soil-core_2,2276,soil-core
RMQS_2024_AULUS-LES-BAINS_2276_soil-core_3,2276,soil-core
RMQS_2024_AURIERES_1464_soil-core_1,1464,soil-core
RMQS_2024_AURIERES_1464_soil-core_2,1464,soil-core
RMQS_2024_AURIERES_1464_soil-core_3,1464,soil-core
RMQS_2024_AUXERRE_805_soil-core_1,805,soil-core
RMQS_2024_AUXERRE_805_soil-core_2,805,soil-core
RMQS_2024_AUXERRE_805_soil-core_3,805,soil-core
RMQS_2024_AUZON_1549_soil-core_1,1549,soil-core
RMQS_2024_AUZON_1549_soil-core_2,1549,soil-core
RMQS_2024_AUZON_1549_soil-core_3,1549,soil-core
RMQS_2024_AVESNES-EN-SAOSNOIS_620_soil-core_1,620,soil-core
RMQS_2024_AVESNES-EN-SAOSNOIS_620_soil-core_2,620,soil-core
RMQS_2024_AVESNES-EN-SAOSNOIS_620_soil-core_3,620,soil-core
RMQS_2024_BEDEE_609_soil-core_1,609,soil-core
RMQS_2024_BEDEE_609_soil-core_2,609,soil-core
RMQS_2024_BEDEE_609_soil-core_3,609,soil-core
RMQS_2024_BELCASTEL_1837_soil-core_1,1837,soil-core
RMQS_2024_BELCASTEL_1837_soil-core_2,1837,soil-core
RMQS_2024_BELCASTEL_1837_soil-core_3,1837,soil-core
RMQS_2024_BELMONT-SUR-RANCE_2021_soil-core_1,2021,soil-core
RMQS_2024_BELMONT-SUR-RANCE_2021_soil-core_2,2021,soil-core
RMQS_2024_BELMONT-SUR-RANCE_2021_soil-core_3,2021,soil-core
RMQS_2024_BELVAL-SOUS-CHATILLON_288_soil-core_1,288,soil-core
RMQS_2024_BELVAL-SOUS-CHATILLON_288_soil-core_2,288,soil-core
RMQS_2024_BELVAL-SOUS-CHATILLON_288_soil-core_3,288,soil-core
RMQS_2024_BENGY-SUR-CRAON_1090_soil-core_1,1090,soil-core
RMQS_2024_BENGY-SUR-CRAON_1090_soil-core_2,1090,soil-core
RMQS_2024_BENGY-SUR-CRAON_1090_soil-core_3,1090,soil-core
RMQS_2024_BREGNIER-CORDON_1477_soil-core_1,1477,soil-core
RMQS_2024_BREGNIER-CORDON_1477_soil-core_2,1477,soil-core
RMQS_2024_BREGNIER-CORDON_1477_soil-core_3,1477,soil-core
RMQS_2024_BUSSY-LETTREE_400_soil-core_1,400,soil-core
RMQS_2024_BUSSY-LETTREE_400_soil-core_2,400,soil-core
RMQS_2024_BUSSY-LETTREE_400_soil-core_3,400,soil-core
RMQS_2024_CAIRANNE_1893_soil-core_1,1893,soil-core
RMQS_2024_CAIRANNE_1893_soil-core_3,1893,soil-core
RMQS_2024_CALES_1706_soil-core_1,1706,soil-core
RMQS_2024_CALES_1706_soil-core_2,1706,soil-core
RMQS_2024_CALES_1706_soil-core_3,1706,soil-core
RMQS_2024_CASTELNAU-MONTRATIER_1875_soil-core_1,1875,soil-core
RMQS_2024_CASTELNAU-MONTRATIER_1875_soil-core_2,1875,soil-core
RMQS_2024_CASTELNAU-MONTRATIER_1875_soil-core_3,1875,soil-core
RMQS_2024_CHENS-SUR-LEMAN_1274_soil-core_1,1274,soil-core
RMQS_2024_CHENS-SUR-LEMAN_1274_soil-core_2,1274,soil-core
RMQS_2024_CHENS-SUR-LEMAN_1274_soil-core_3,1274,soil-core
RMQS_2024_CRECY-SUR-SERRE_137_soil-core_1,137,soil-core
RMQS_2024_CRECY-SUR-SERRE_137_soil-core_3,137,soil-core
RMQS_2024_DAHLENHEIM_476_soil-core_1,476,soil-core
RMQS_2024_DAHLENHEIM_476_soil-core_2,476,soil-core
RMQS_2024_DAHLENHEIM_476_soil-core_3,476,soil-core
RMQS_2024_DREVANT_1174_soil-core_1,1174,soil-core
RMQS_2024_DREVANT_1174_soil-core_2,1174,soil-core
RMQS_2024_EVENOS_2205_soil-core_1,2205,soil-core
RMQS_2024_EVENOS_2205_soil-core_2,2205,soil-core
RMQS_2024_EVENOS_2205_soil-core_3,2205,soil-core
RMQS_2024_EYZERAC_1537_soil-core_1,1537,soil-core
RMQS_2024_EYZERAC_1537_soil-core_2,1537,soil-core
RMQS_2024_EYZERAC_1537_soil-core_3,1537,soil-core
RMQS_2024_FESTES-ET-SAINT-ANDRE_2257_soil-core_1,2257,soil-core
RMQS_2024_FESTES-ET-SAINT-ANDRE_2257_soil-core_2,2257,soil-core
RMQS_2024_FESTES-ET-SAINT-ANDRE_2257_soil-core_3,2257,soil-core
RMQS_2024_GOUTZ_2011_soil-core_1,2011,soil-core
RMQS_2024_GOUTZ_2011_soil-core_2,2011,soil-core
RMQS_2024_GOUTZ_2011_soil-core_3,2011,soil-core
RMQS_2024_GREZET-CAVAGNAN_1826_soil-core_1,1826,soil-core
RMQS_2024_GREZET-CAVAGNAN_1826_soil-core_2,1826,soil-core
RMQS_2024_GREZET-CAVAGNAN_1826_soil-core_3,1826,soil-core
RMQS_2024_ILE-D'ARZ_827_soil-core_1,827,soil-core
RMQS_2024_ILE-D'ARZ_827_soil-core_2,827,soil-core
RMQS_2024_ILE-D'ARZ_827_soil-core_3,827,soil-core
RMQS_2024_ILLOUD_644_soil-core_1,644,soil-core
RMQS_2024_ILLOUD_644_soil-core_2,644,soil-core
RMQS_2024_ILLOUD_644_soil-core_3,644,soil-core
RMQS_2024_LA PLAINE_1030_soil-core_1,1030,soil-core
RMQS_2024_LA PLAINE_1030_soil-core_2,1030,soil-core
RMQS_2024_LA PLAINE_1030_soil-core_3,1030,soil-core
RMQS_2024_LA TAGNIERE_1141_soil-core_1,1141,soil-core
RMQS_2024_LA TAGNIERE_1141_soil-core_2,1141,soil-core
RMQS_2024_LA TAGNIERE_1141_soil-core_3,1141,soil-core
RMQS_2024_LA TRANCHE-SUR-MER_1237_soil-core_1,1237,soil-core
RMQS_2024_LA TRANCHE-SUR-MER_1237_soil-core_2,1237,soil-core
RMQS_2024_LA TRANCHE-SUR-MER_1237_soil-core_3,1237,soil-core
RMQS_2024_LAGOS_2182_soil-core_2,2182,soil-core
RMQS_2024_LAGOS_2182_soil-core_3,2182,soil-core
RMQS_2024_LANTON_1694_soil-core_1,1694,soil-core
RMQS_2024_LANTON_1694_soil-core_2,1694,soil-core
RMQS_2024_LANTON_1694_soil-core_3,1694,soil-core
RMQS_2024_LAURIS_2034_soil-core_1,2034,soil-core
RMQS_2024_LAURIS_2034_soil-core_2,2034,soil-core
RMQS_2024_LAURIS_2034_soil-core_3,2034,soil-core
RMQS_2024_LE MAS_1996_soil-core_1,1996,soil-core
RMQS_2024_LE MAS_1996_soil-core_2,1996,soil-core
RMQS_2024_LE MAS_1996_soil-core_3,1996,soil-core
RMQS_2024_LE PEAGE-DE-ROUSILLON_1556_soil-core_1,1556,soil-core
RMQS_2024_LE PEAGE-DE-ROUSILLON_1556_soil-core_2,1556,soil-core
RMQS_2024_LE PEAGE-DE-ROUSILLON_1556_soil-core_3,1556,soil-core
RMQS_2024_LE PERIER_1686_soil-core_3,1686,soil-core
RMQS_2024_LES COMBES_1064_soil-core_1,1064,soil-core
RMQS_2024_LES COMBES_1064_soil-core_2,1064,soil-core
RMQS_2024_LES COMBES_1064_soil-core_3,1064,soil-core
RMQS_2024_LESCAR_2142_soil-core_1,2142,soil-core
RMQS_2024_LESCAR_2142_soil-core_2,2142,soil-core
RMQS_2024_LEVONCOURT_926_soil-core_2,926,soil-core
RMQS_2024_LEVONCOURT_926_soil-core_3,926,soil-core
RMQS_2024_LINTOT_152_soil-core_2,152,soil-core
RMQS_2024_LINTOT_152_soil-core_3,152,soil-core
RMQS_2024_LOSNE_1058_soil-core_1,1058,soil-core
RMQS_2024_LOSNE_1058_soil-core_3,1058,soil-core
RMQS_2024_MAISONCELLES-DU-MAINE_730_soil-core_1,730,soil-core
RMQS_2024_MAISONCELLES-DU-MAINE_730_soil-core_2,730,soil-core
RMQS_2024_MAISONCELLES-DU-MAINE_730_soil-core_3,730,soil-core
RMQS_2024_MALTAT_1180_soil-core_1,1180,soil-core
RMQS_2024_MALTAT_1180_soil-core_2,1180,soil-core
RMQS_2024_MALTAT_1180_soil-core_3,1180,soil-core
RMQS_2024_MAZERAY_1366_soil-core_1,1366,soil-core
RMQS_2024_MAZERAY_1366_soil-core_2,1366,soil-core
RMQS_2024_MAZERAY_1366_soil-core_3,1366,soil-core
RMQS_2024_MENERVAL_157_soil-core_1,157,soil-core
RMQS_2024_MENERVAL_157_soil-core_2,157,soil-core
RMQS_2024_MENERVAL_157_soil-core_3,157,soil-core
RMQS_2024_MERCY-LE-HAUT_215_soil-core_1,215,soil-core
RMQS_2024_MERCY-LE-HAUT_215_soil-core_2,215,soil-core
RMQS_2024_MERCY-LE-HAUT_215_soil-core_3,215,soil-core
RMQS_2024_MEZERAY_788_soil-core_1,788,soil-core
RMQS_2024_MEZERAY_788_soil-core_2,788,soil-core
RMQS_2024_MEZERAY_788_soil-core_3,788,soil-core
RMQS_2024_MONTJUSTIN-ET-VELOTTE_870_soil-core_1,870,soil-core
RMQS_2024_MONTJUSTIN-ET-VELOTTE_870_soil-core_2,870,soil-core
RMQS_2024_MONTJUSTIN-ET-VELOTTE_870_soil-core_3,870,soil-core
RMQS_2024_PARIS_391_soil-core_1,391,soil-core
RMQS_2024_PARIS_391_soil-core_2,391,soil-core
RMQS_2024_PARIS_391_soil-core_3,391,soil-core
RMQS_2024_PLASSAC-ROUFFIAC_1491_soil-core_2,1491,soil-core
RMQS_2024_PLASSAC-ROUFFIAC_1491_soil-core_3,1491,soil-core
RMQS_2024_PONT-SUR-YONNE_633_soil-core_1,633,soil-core
RMQS_2024_PONT-SUR-YONNE_633_soil-core_2,633,soil-core
RMQS_2024_PONT-SUR-YONNE_633_soil-core_3,633,soil-core
RMQS_2024_PORTA_2312_soil-core_1,2312,soil-core
RMQS_2024_PORTA_2312_soil-core_2,2312,soil-core
RMQS_2024_PORTA_2312_soil-core_3,2312,soil-core
RMQS_2024_PUIMOISSON_1992_soil-core_1,1992,soil-core
RMQS_2024_QUINTILLAN_2260_soil-core_1,2260,soil-core
RMQS_2024_QUINTILLAN_2260_soil-core_2,2260,soil-core
RMQS_2024_QUINTILLAN_2260_soil-core_3,2260,soil-core
RMQS_2024_SAINTE-MARGUERITE-D'ELLE_223_soil-core_1,223,soil-core
RMQS_2024_SAINTE-MARGUERITE-D'ELLE_223_soil-core_2,223,soil-core
RMQS_2024_SAINTE-MARGUERITE-D'ELLE_223_soil-core_3,223,soil-core
RMQS_2024_SAINT-FRONT_1677_soil-core_1,1677,soil-core
RMQS_2024_SAINT-FRONT_1677_soil-core_2,1677,soil-core
RMQS_2024_SAINT-FRONT_1677_soil-core_3,1677,soil-core
RMQS_2024_SAINT-LAURENT-DES-BATONS_1660_soil-core_1,1660,soil-core
RMQS_2024_SAINT-LAURENT-DES-BATONS_1660_soil-core_2,1660,soil-core
RMQS_2024_SAINT-LAURENT-DES-BATONS_1660_soil-core_3,1660,soil-core
RMQS_2024_SAINT-MARTIN-DE-LANSUSCLE_1887_soil-core_1,1887,soil-core
RMQS_2024_SAINT-MARTIN-DE-LANSUSCLE_1887_soil-core_2,1887,soil-core
RMQS_2024_SAINT-MARTIN-DE-LANSUSCLE_1887_soil-core_3,1887,soil-core
RMQS_2024_SAINT-MAURICE-DES-LIONS_1372_soil-core_1,1372,soil-core
RMQS_2024_SAINT-MAURICE-DES-LIONS_1372_soil-core_2,1372,soil-core
RMQS_2024_SAINT-MAURICE-DES-LIONS_1372_soil-core_3,1372,soil-core
RMQS_2024_SAINT-PIERRE-DE-MAILLE_1166_soil-core_1,1166,soil-core
RMQS_2024_SAINT-PIERRE-DE-MAILLE_1166_soil-core_2,1166,soil-core
RMQS_2024_SAINT-PIERRE-DE-MAILLE_1166_soil-core_3,1166,soil-core
RMQS_2024_SAIZERAIS_408_soil-core_1,408,soil-core
RMQS_2024_SAIZERAIS_408_soil-core_2,408,soil-core
RMQS_2024_SAIZERAIS_408_soil-core_3,408,soil-core
RMQS_2024_SAVIGNY-SUR-BRAYE_792_soil-core_1,792,soil-core
RMQS_2024_SAVIGNY-SUR-BRAYE_792_soil-core_2,792,soil-core
RMQS_2024_SAVIGNY-SUR-BRAYE_792_soil-core_3,792,soil-core
RMQS_2024_SOUVIGNE_1243_soil-core_1,1243,soil-core
RMQS_2024_SOUVIGNE_1243_soil-core_2,1243,soil-core
RMQS_2024_SOUVIGNE_1243_soil-core_3,1243,soil-core
RMQS_2024_SUIPPES_291_soil-core_1,291,soil-core
RMQS_2024_SUIPPES_291_soil-core_2,291,soil-core
RMQS_2024_SUIPPES_291_soil-core_3,291,soil-core
RMQS_2024_TRIZAC_1587_soil-core_1,1587,soil-core
RMQS_2024_TRIZAC_1587_soil-core_2,1587,soil-core
RMQS_2024_TRIZAC_1587_soil-core_3,1587,soil-core
RMQS_2024_VITRY-EN-MONTAGNE_812_soil-core_1,812,soil-core
RMQS_2024_VITRY-EN-MONTAGNE_812_soil-core_2,812,soil-core
RMQS_2024_VITRY-EN-MONTAGNE_812_soil-core_3,812,soil-core
RMQS_2024_VONNAS_1310_soil-core_1,1310,soil-core
RMQS_2024_VONNAS_1310_soil-core_2,1310,soil-core
RMQS_2024_VONNAS_1310_soil-core_3,1310,soil-core
